name,organization
polars,pola-rs
dagster,dagster-io
docsearch-scraper,dagster-io
slackin-extended,dagster-io
helm-user-cloud,dagster-io
hooli-data-eng-pipelines,dagster-io
hooli-ml-pipelines,dagster-io
dagster-cloud-cicd-action,dagster-io
dagster-cloud,dagster-io
dagster-cloud-template,dagster-io
create-react-app,dagster-io
dagster-ml-example,dagster-io
cloud-branch-deployments-action,dagster-io
dagster-cloud-serverless-quickstart,dagster-io
dagster-cloud-action,dagster-io
dagster-cloud-hybrid-quickstart,dagster-io
dagster-cloud-hybrid-quickstart-custom-build,dagster-io
dagster-cloud-serverless-quickstart-pex,dagster-io
quickstart-etl,dagster-io
quickstart-mds,dagster-io
quickstart-aws,dagster-io
quickstart-gcp,dagster-io
quickstart-snowflake,dagster-io
quickstart-dbt,dagster-io
dagster-cloud-serverless-quickstart-fast-deploys-enabled,dagster-io
dagster-airflow-migration-example,dagster-io
quickstart-snowflake-fix-fast-deploys,dagster-io
build-grpcio,dagster-io
airflow-migration-example,dagster-io
biweekly-demo,dagster-io
fake-star-detector,dagster-io
cloud-examples,dagster-io
dagster-airflow-config-systems,dagster-io
project-dagster-university,dagster-io
social-listening,dagster-io
supercharged-dbt-docs,dagster-io
jaffle_shop,dagster-io
dagster-email-report,dagster-io
mdsfest-opensource-mds,dagster-io
dagster_llm_finetune,dagster-io
dagster-open-platform,dagster-io
dagster-spam-filter,dagster-io
insights-quickstart-dbt-snowflake,dagster-io
talks,dagster-io
awesome-dagster,dagster-io
dagster-quickstart,dagster-io
dagre,dagster-io
data-mesh-demo,dagster-io
basic-dbt-project,dagster-io
airlift-tutorial,dagster-io
dagster-modal-demo,dagster-io
dagster-pipes-java,dagster-io
community-integrations,dagster-io
jaffle-platform,dagster-io
oss-metadata-to-plus-example,dagster-io
integrations-extras,dagster-io
jaffle-dashboard,dagster-io
homebrew-tap,dagster-io
tapestry3,apache
apr-iconv,apache
tapestry4,apache
sling-old-svn-mirror,apache
xalan-j,apache
etch,apache
apr,apache
stdcxx,apache
zookeeper,apache
lucenenet,apache
apr-util,apache
jspwiki,apache
spamassassin,apache
ofbiz,apache
directory-studio,apache
felix,apache
chainsaw,apache
maven-wagon,apache
maven-resources,apache
harmony-drlvm,apache
struts-maven,apache
httpd,apache
camel,apache
xmlgraphics-fop,apache
maven-scm,apache
maven-plugins,apache
directory-samples,apache
maven-release,apache
maven-enforcer,apache
